alexandria, ghcr.io/ocicl/alexandria@sha256:e433c2e076ed3bcf8641b97b00192680db2201d305efac9293539dee88c7fbf7, alexandria-20240503-8514d8e/alexandria.asd
atomics, ghcr.io/ocicl/atomics@sha256:56c5604d3081173d5bb749d64a7952767eadbf9c2a6f9cc100583af9bd23c315, atomics-20250201-ff170cb/atomics.asd
atomics-test, ghcr.io/ocicl/atomics@sha256:56c5604d3081173d5bb749d64a7952767eadbf9c2a6f9cc100583af9bd23c315, atomics-20250201-ff170cb/atomics-test.asd
babel, ghcr.io/ocicl/babel@sha256:b505136744213e6b953913780a4b647da40e83818a10f41004846863b5037810, babel-20240606-23c1440/babel.asd
babel-streams, ghcr.io/ocicl/babel@sha256:b505136744213e6b953913780a4b647da40e83818a10f41004846863b5037810, babel-20240606-23c1440/babel-streams.asd
babel-tests, ghcr.io/ocicl/babel@sha256:b505136744213e6b953913780a4b647da40e83818a10f41004846863b5037810, babel-20240606-23c1440/babel-tests.asd
bordeaux-threads, ghcr.io/ocicl/bordeaux-threads@sha256:bbb32afe3987e102149cc019f4f7366a05f7a37d1503f5f86a27745e671c320a, bordeaux-threads-0.9.4/bordeaux-threads.asd
cffi, ghcr.io/ocicl/cffi-grovel@sha256:d09a2f111ee66ba21e79201564809f5a56ba56d2ce3873a494ec75d3cb6adab9, cffi-20250311-48eaef6/cffi.asd
cffi-examples, ghcr.io/ocicl/cffi-grovel@sha256:d09a2f111ee66ba21e79201564809f5a56ba56d2ce3873a494ec75d3cb6adab9, cffi-20250311-48eaef6/cffi-examples.asd
cffi-grovel, ghcr.io/ocicl/cffi-grovel@sha256:d09a2f111ee66ba21e79201564809f5a56ba56d2ce3873a494ec75d3cb6adab9, cffi-20250311-48eaef6/cffi-grovel.asd
cffi-libffi, ghcr.io/ocicl/cffi-grovel@sha256:d09a2f111ee66ba21e79201564809f5a56ba56d2ce3873a494ec75d3cb6adab9, cffi-20250311-48eaef6/cffi-libffi.asd
cffi-tests, ghcr.io/ocicl/cffi-grovel@sha256:d09a2f111ee66ba21e79201564809f5a56ba56d2ce3873a494ec75d3cb6adab9, cffi-20250311-48eaef6/cffi-tests.asd
cffi-toolchain, ghcr.io/ocicl/cffi-grovel@sha256:d09a2f111ee66ba21e79201564809f5a56ba56d2ce3873a494ec75d3cb6adab9, cffi-20250311-48eaef6/cffi-toolchain.asd
cffi-uffi-compat, ghcr.io/ocicl/cffi-grovel@sha256:d09a2f111ee66ba21e79201564809f5a56ba56d2ce3873a494ec75d3cb6adab9, cffi-20250311-48eaef6/cffi-uffi-compat.asd
chunga, ghcr.io/ocicl/chunga@sha256:a59ccb3d13992748c676b8e3263256850ee626f98ac59adece5a142967b6f558, chunga-20240919-5cd13fe/chunga.asd
circular-streams, ghcr.io/ocicl/circular-streams@sha256:4e63fd6b983fea03cc2b71af8b22cdc492ea4393538ca5b4cec762a561e15060, circular-streams-20240503-e770bad/circular-streams.asd
circular-streams-test, ghcr.io/ocicl/circular-streams@sha256:4e63fd6b983fea03cc2b71af8b22cdc492ea4393538ca5b4cec762a561e15060, circular-streams-20240503-e770bad/circular-streams-test.asd
cl-base64, ghcr.io/ocicl/cl-base64@sha256:702412dbc1ed825e275fb23e22c29527eb786bf644e47c7621bf0dbb34e17c7e, cl-base64-20240503-80496b7/cl-base64.asd
cl-base64-tests, ghcr.io/ocicl/cl-base64@sha256:702412dbc1ed825e275fb23e22c29527eb786bf644e47c7621bf0dbb34e17c7e, cl-base64-20240503-80496b7/cl-base64-tests.asd
cl-dbi, ghcr.io/ocicl/cl-dbi@sha256:2562e0b2c1ed9eed53113172ec62a564518a8987732862f638584928840f348f, cl-dbi-20240907-8dbd2cc/cl-dbi.asd
cl-fad, ghcr.io/ocicl/cl-fad@sha256:c0aaffc859e419e0a94cedb08f48c2484da404363fb0fe4ffd6e09a80aadafe1, cl-fad-0.7.6/cl-fad.asd
cl-interpol, ghcr.io/ocicl/cl-interpol@sha256:bf02bce744361792150a04310b24a623596b99190a9f85a1c2ebf35f12b2288c, cl-interpol-2.0.7/cl-interpol.asd
cl-isaac, ghcr.io/ocicl/cl-isaac@sha256:9240ff7f4374b7063138e16b8e5cf4d2de86416751e6970cf38ede64c0b744d5, cl-isaac-20240503-51ee060/cl-isaac.asd
cl-pass, ghcr.io/ocicl/cl-pass@sha256:2fc31a528c9d889c7f69fddf2d54ebeeceb482b8df57d7258435e5451ce222d8, cl-pass-20240503-e58e97c/cl-pass.asd
cl-pass-test, ghcr.io/ocicl/cl-pass@sha256:2fc31a528c9d889c7f69fddf2d54ebeeceb482b8df57d7258435e5451ce222d8, cl-pass-20240503-e58e97c/cl-pass-test.asd
cl-postgres_plus_local-time, ghcr.io/ocicl/local-time@sha256:82462960e462321d46563ce9f9bd20dbdb138eae612d86aeaf9e8f00ac51e78a, local-time-20250131-0bc6fb8/cl-postgres+local-time.asd
cl-ppcre, ghcr.io/ocicl/cl-ppcre@sha256:584907e0683621973579f397115945ef73e9d5b7afa77fae7cacecb3ad272f89, cl-ppcre-20240503-80fb19d/cl-ppcre.asd
cl-ppcre-unicode, ghcr.io/ocicl/cl-ppcre@sha256:584907e0683621973579f397115945ef73e9d5b7afa77fae7cacecb3ad272f89, cl-ppcre-20240503-80fb19d/cl-ppcre-unicode.asd
cl-template, ghcr.io/ocicl/cl-template@sha256:77fe11d9e0a68bbc8333b94825145c8313dbeba422a71588f6d8e00e1d3807a4, cl-template-20240503-46193a9/cl-template.asd
cl-unicode, ghcr.io/ocicl/cl-unicode@sha256:d98f12c1271fb3c1812a27d64dfbe95b0bc5bcfd545b71b8101874e61270b120, cl-unicode-20240503-07e7ff5/cl-unicode.asd
cl-utilities, ghcr.io/ocicl/cl-utilities@sha256:e5e0676a4e0627332a0fe64d56ed4f1890f0466d715a11e8d95561b4c2baa38f, cl-utilities-20240503-6b4de39/cl-utilities.asd
cl_plus_ssl, ghcr.io/ocicl/cl_plus_ssl@sha256:c7cc1593354e63ba3466fdd37ef3fefd2a68304542c965976f98d8744bed8f0d, cl-plus-ssl-20250424-38e501f/cl+ssl.asd
cl_plus_ssl.test, ghcr.io/ocicl/cl_plus_ssl@sha256:c7cc1593354e63ba3466fdd37ef3fefd2a68304542c965976f98d8744bed8f0d, cl-plus-ssl-20250424-38e501f/cl+ssl.test.asd
clack, ghcr.io/ocicl/clack@sha256:9457bea28f1ee9c49a7626c2ee23c181b5af3636b5e64a27a46ef8535818947f, clack-20241101-935be5b/clack.asd
clack-handler-hunchentoot, ghcr.io/ocicl/clack@sha256:9457bea28f1ee9c49a7626c2ee23c181b5af3636b5e64a27a46ef8535818947f, clack-20241101-935be5b/clack-handler-hunchentoot.asd
clack-handler-toot, ghcr.io/ocicl/clack@sha256:9457bea28f1ee9c49a7626c2ee23c181b5af3636b5e64a27a46ef8535818947f, clack-20241101-935be5b/clack-handler-toot.asd
clack-handler-wookie, ghcr.io/ocicl/clack@sha256:9457bea28f1ee9c49a7626c2ee23c181b5af3636b5e64a27a46ef8535818947f, clack-20241101-935be5b/clack-handler-wookie.asd
clack-socket, ghcr.io/ocicl/clack@sha256:9457bea28f1ee9c49a7626c2ee23c181b5af3636b5e64a27a46ef8535818947f, clack-20241101-935be5b/clack-socket.asd
clack-test, ghcr.io/ocicl/clack@sha256:9457bea28f1ee9c49a7626c2ee23c181b5af3636b5e64a27a46ef8535818947f, clack-20241101-935be5b/clack-test.asd
clog, ghcr.io/ocicl/clog@sha256:6bfbd7b771c0a9ed8b0a17e0017025a8a945bcadedbe6cccc5f500b8fd6fa0e0, clog-20250306-bb6ce32/clog.asd
closer-mop, ghcr.io/ocicl/closer-mop@sha256:4172af145e68606b0ffee2e9f6fa672618b1c73cf5fc50d9a6a2af7c287adc95, closer-mop-20250331-626d7fd/closer-mop.asd
dbd-mysql, ghcr.io/ocicl/cl-dbi@sha256:2562e0b2c1ed9eed53113172ec62a564518a8987732862f638584928840f348f, cl-dbi-20240907-8dbd2cc/dbd-mysql.asd
dbd-postgres, ghcr.io/ocicl/cl-dbi@sha256:2562e0b2c1ed9eed53113172ec62a564518a8987732862f638584928840f348f, cl-dbi-20240907-8dbd2cc/dbd-postgres.asd
dbd-sqlite3, ghcr.io/ocicl/cl-dbi@sha256:2562e0b2c1ed9eed53113172ec62a564518a8987732862f638584928840f348f, cl-dbi-20240907-8dbd2cc/dbd-sqlite3.asd
dbi, ghcr.io/ocicl/cl-dbi@sha256:2562e0b2c1ed9eed53113172ec62a564518a8987732862f638584928840f348f, cl-dbi-20240907-8dbd2cc/dbi.asd
dbi-test, ghcr.io/ocicl/cl-dbi@sha256:2562e0b2c1ed9eed53113172ec62a564518a8987732862f638584928840f348f, cl-dbi-20240907-8dbd2cc/dbi-test.asd
documentation-utils, ghcr.io/ocicl/documentation-utils@sha256:b2a1b3f3bcd1a738af85ae2b0168d408c177661eab6d6bbebb254e394d983f54, documentation-utils-20230511-98630dd/documentation-utils.asd
dref, ghcr.io/ocicl/mgl-pax-bootstrap@sha256:dd3a535d8130ddd7ad639b9bad7ac5e5edfe61b1ae4c39acb9b3ebeb352a9f32, mgl-pax-20250308-835a033/dref/dref.asd
dref-test, ghcr.io/ocicl/mgl-pax-bootstrap@sha256:dd3a535d8130ddd7ad639b9bad7ac5e5edfe61b1ae4c39acb9b3ebeb352a9f32, mgl-pax-20250308-835a033/dref/dref-test.asd
event-emitter, ghcr.io/ocicl/event-emitter@sha256:dc8a9abdd0ec681dcb611dddfe0b2e037dc60ac3cab6bbffbc438e803f0217bd, event-emitter-20240607-d8bd3d9/event-emitter.asd
event-emitter-benchmark, ghcr.io/ocicl/event-emitter@sha256:dc8a9abdd0ec681dcb611dddfe0b2e037dc60ac3cab6bbffbc438e803f0217bd, event-emitter-20240607-d8bd3d9/event-emitter-benchmark.asd
event-emitter-test, ghcr.io/ocicl/event-emitter@sha256:dc8a9abdd0ec681dcb611dddfe0b2e037dc60ac3cab6bbffbc438e803f0217bd, event-emitter-20240607-d8bd3d9/event-emitter-test.asd
fare-mop, ghcr.io/ocicl/fare-mop@sha256:e3b7e91313b69e03a1c553760731cb93629322994ac73da3a3d4bb44c7aafc1a, fare-mop-20240503-538aa94/fare-mop.asd
fare-quasiquote, ghcr.io/ocicl/fare-quasiquote-readtable@sha256:0a692a32f79a22b70b98fc8d81a4cc5aebf106ea2f582b199d4bd264cfbeca0b, fare-quasiquote-20240503-ccb0285/fare-quasiquote.asd
fare-quasiquote-extras, ghcr.io/ocicl/fare-quasiquote-readtable@sha256:0a692a32f79a22b70b98fc8d81a4cc5aebf106ea2f582b199d4bd264cfbeca0b, fare-quasiquote-20240503-ccb0285/fare-quasiquote-extras.asd
fare-quasiquote-optima, ghcr.io/ocicl/fare-quasiquote-readtable@sha256:0a692a32f79a22b70b98fc8d81a4cc5aebf106ea2f582b199d4bd264cfbeca0b, fare-quasiquote-20240503-ccb0285/fare-quasiquote-optima.asd
fare-quasiquote-readtable, ghcr.io/ocicl/fare-quasiquote-readtable@sha256:0a692a32f79a22b70b98fc8d81a4cc5aebf106ea2f582b199d4bd264cfbeca0b, fare-quasiquote-20240503-ccb0285/fare-quasiquote-readtable.asd
fare-quasiquote-test, ghcr.io/ocicl/fare-quasiquote-readtable@sha256:0a692a32f79a22b70b98fc8d81a4cc5aebf106ea2f582b199d4bd264cfbeca0b, fare-quasiquote-20240503-ccb0285/fare-quasiquote-test.asd
fare-utils, ghcr.io/ocicl/fare-utils@sha256:8d96adf0d03ec8f3613ec56d5da94f18c82329df20d029c730e7c3745aee89e3, fare-utils-20240503-2f9c48a/fare-utils.asd
fare-utils-test, ghcr.io/ocicl/fare-utils@sha256:8d96adf0d03ec8f3613ec56d5da94f18c82329df20d029c730e7c3745aee89e3, fare-utils-20240503-2f9c48a/fare-utils-test.asd
fast-http, ghcr.io/ocicl/fast-http@sha256:44e98b5239c0ded4921dc0b04ae272cff00583d93797a657543db782979eb50c, fast-http-20240503-2232fc9/fast-http.asd
fast-http-test, ghcr.io/ocicl/fast-http@sha256:44e98b5239c0ded4921dc0b04ae272cff00583d93797a657543db782979eb50c, fast-http-20240503-2232fc9/fast-http-test.asd
fast-io, ghcr.io/ocicl/fast-io@sha256:7ba35a0eddf00b3c25656b3c5a93e95460f6cb8f807afbc04ef4f50076d95aff, fast-io-20240503-a4c5ad6/fast-io.asd
fast-io-test, ghcr.io/ocicl/fast-io@sha256:7ba35a0eddf00b3c25656b3c5a93e95460f6cb8f807afbc04ef4f50076d95aff, fast-io-20240503-a4c5ad6/fast-io-test.asd
fast-websocket, ghcr.io/ocicl/fast-websocket@sha256:046c8152322c407ba5362900a957733ed7531a0c00dab7c323dfcfacdd347a0c, fast-websocket-20240513-66ea866/fast-websocket.asd
fast-websocket-test, ghcr.io/ocicl/fast-websocket@sha256:046c8152322c407ba5362900a957733ed7531a0c00dab7c323dfcfacdd347a0c, fast-websocket-20240513-66ea866/fast-websocket-test.asd
fiveam, ghcr.io/ocicl/fiveam@sha256:e283043dc8d31e8df2b214465cf5a06ea07bdbea10e600a40e17aaf9518226ac, fiveam-20240928-e43d6c8/fiveam.asd
flexi-streams, ghcr.io/ocicl/flexi-streams@sha256:95005b06a8a95c82780c75ead53810bcb273d07fcf5fe76b527f1856df9923f2, flexi-streams-20240503-4951d57/flexi-streams.asd
flexi-streams-test, ghcr.io/ocicl/flexi-streams@sha256:95005b06a8a95c82780c75ead53810bcb273d07fcf5fe76b527f1856df9923f2, flexi-streams-20240503-4951d57/flexi-streams-test.asd
global-vars, ghcr.io/ocicl/global-vars@sha256:d197e871c9c9abc4bf31b1186f5fd28f0ca848ebe2e9dddf2d82ecee01dbdc65, global-vars-20240503-c749f32/global-vars.asd
global-vars-test, ghcr.io/ocicl/global-vars@sha256:d197e871c9c9abc4bf31b1186f5fd28f0ca848ebe2e9dddf2d82ecee01dbdc65, global-vars-20240503-c749f32/global-vars-test.asd
hello-builder, ghcr.io/ocicl/clog@sha256:6bfbd7b771c0a9ed8b0a17e0017025a8a945bcadedbe6cccc5f500b8fd6fa0e0, clog-20250306-bb6ce32/tutorial/28-tutorial/hello-builder/hello-builder.asd
hello-clog, ghcr.io/ocicl/clog@sha256:6bfbd7b771c0a9ed8b0a17e0017025a8a945bcadedbe6cccc5f500b8fd6fa0e0, clog-20250306-bb6ce32/tutorial/13-tutorial/hello-clog/hello-clog.asd
http-body, ghcr.io/ocicl/http-body@sha256:9582cd3d8ee1720d13bbfc9be857a8e41c927aebf9882fc8a5a2842fa5f80ddd, http-body-20241126-6c84ce8/http-body.asd
http-body-test, ghcr.io/ocicl/http-body@sha256:9582cd3d8ee1720d13bbfc9be857a8e41c927aebf9882fc8a5a2842fa5f80ddd, http-body-20241126-6c84ce8/http-body-test.asd
hunchentoot, ghcr.io/ocicl/hunchentoot@sha256:1dbccc1f9770d3d8917ef87d71720b4ec7f2d6bebf24a3072afca478b00b4427, hunchentoot-1.3.1/hunchentoot.asd
idna, ghcr.io/ocicl/idna@sha256:b1737dbce42904f75c724350c3e057770c7777f1f5596c6358875dfb2e542eac, idna-20240503-bf789e6/idna.asd
inferior-shell, ghcr.io/ocicl/inferior-shell@sha256:7e0f0ddd1bf490f3caabc421acfd184c57759d8623918f0dadce54526e76a52d, inferior-shell-20240503-1edd2e4/inferior-shell.asd
introspect-environment, ghcr.io/ocicl/introspect-environment@sha256:4fa482690dee130996f1d0f89b470e0e84c92f22caea7649d3b83ce3e49c78ba, introspect-environment-20240503-69a50ac/introspect-environment.asd
introspect-environment-test, ghcr.io/ocicl/introspect-environment@sha256:4fa482690dee130996f1d0f89b470e0e84c92f22caea7649d3b83ce3e49c78ba, introspect-environment-20240503-69a50ac/introspect-environment-test.asd
iolib, ghcr.io/ocicl/iolib@sha256:953f1cb142e647da50562d51eca562afc2c5b941b89ae622332b53c7dbed7e1b, iolib-20240503-396cc43/iolib.asd
iolib.asdf, ghcr.io/ocicl/iolib@sha256:953f1cb142e647da50562d51eca562afc2c5b941b89ae622332b53c7dbed7e1b, iolib-20240503-396cc43/iolib.asdf.asd
iolib.base, ghcr.io/ocicl/iolib@sha256:953f1cb142e647da50562d51eca562afc2c5b941b89ae622332b53c7dbed7e1b, iolib-20240503-396cc43/iolib.base.asd
iolib.common-lisp, ghcr.io/ocicl/iolib@sha256:953f1cb142e647da50562d51eca562afc2c5b941b89ae622332b53c7dbed7e1b, iolib-20240503-396cc43/iolib.common-lisp.asd
iolib.conf, ghcr.io/ocicl/iolib@sha256:953f1cb142e647da50562d51eca562afc2c5b941b89ae622332b53c7dbed7e1b, iolib-20240503-396cc43/iolib.conf.asd
iolib.examples, ghcr.io/ocicl/iolib@sha256:953f1cb142e647da50562d51eca562afc2c5b941b89ae622332b53c7dbed7e1b, iolib-20240503-396cc43/iolib.examples.asd
ironclad, ghcr.io/ocicl/ironclad@sha256:3117e5a26a3e94924074c3548c235a2b733609ed61a2731880ac9e31df55428b, ironclad-20240503-6da010f/ironclad.asd
ironclad-text, ghcr.io/ocicl/ironclad@sha256:3117e5a26a3e94924074c3548c235a2b733609ed61a2731880ac9e31df55428b, ironclad-20240503-6da010f/ironclad-text.asd
iterate, ghcr.io/ocicl/iterate@sha256:f4d54a883bb9ca79037c3ea52581c375117a700fc5cb0970c45d1a8473955a5c, iterate-20250224-26cf129/iterate.asd
lack, ghcr.io/ocicl/lack@sha256:4aac8f468f06a04bc9d165371ce4b80e590dbd7532090ec420042f58489995db, lack-20240919-866b5f5/lack.asd
lack-app-directory, ghcr.io/ocicl/lack@sha256:4aac8f468f06a04bc9d165371ce4b80e590dbd7532090ec420042f58489995db, lack-20240919-866b5f5/lack-app-directory.asd
lack-app-file, ghcr.io/ocicl/lack@sha256:4aac8f468f06a04bc9d165371ce4b80e590dbd7532090ec420042f58489995db, lack-20240919-866b5f5/lack-app-file.asd
lack-component, ghcr.io/ocicl/lack@sha256:4aac8f468f06a04bc9d165371ce4b80e590dbd7532090ec420042f58489995db, lack-20240919-866b5f5/lack-component.asd
lack-middleware-accesslog, ghcr.io/ocicl/lack@sha256:4aac8f468f06a04bc9d165371ce4b80e590dbd7532090ec420042f58489995db, lack-20240919-866b5f5/lack-middleware-accesslog.asd
lack-middleware-auth-basic, ghcr.io/ocicl/lack@sha256:4aac8f468f06a04bc9d165371ce4b80e590dbd7532090ec420042f58489995db, lack-20240919-866b5f5/lack-middleware-auth-basic.asd
lack-middleware-backtrace, ghcr.io/ocicl/lack@sha256:4aac8f468f06a04bc9d165371ce4b80e590dbd7532090ec420042f58489995db, lack-20240919-866b5f5/lack-middleware-backtrace.asd
lack-middleware-csrf, ghcr.io/ocicl/lack@sha256:4aac8f468f06a04bc9d165371ce4b80e590dbd7532090ec420042f58489995db, lack-20240919-866b5f5/lack-middleware-csrf.asd
lack-middleware-dbpool, ghcr.io/ocicl/lack@sha256:4aac8f468f06a04bc9d165371ce4b80e590dbd7532090ec420042f58489995db, lack-20240919-866b5f5/lack-middleware-dbpool.asd
lack-middleware-mount, ghcr.io/ocicl/lack@sha256:4aac8f468f06a04bc9d165371ce4b80e590dbd7532090ec420042f58489995db, lack-20240919-866b5f5/lack-middleware-mount.asd
lack-middleware-session, ghcr.io/ocicl/lack@sha256:4aac8f468f06a04bc9d165371ce4b80e590dbd7532090ec420042f58489995db, lack-20240919-866b5f5/lack-middleware-session.asd
lack-middleware-static, ghcr.io/ocicl/lack@sha256:4aac8f468f06a04bc9d165371ce4b80e590dbd7532090ec420042f58489995db, lack-20240919-866b5f5/lack-middleware-static.asd
lack-request, ghcr.io/ocicl/lack@sha256:4aac8f468f06a04bc9d165371ce4b80e590dbd7532090ec420042f58489995db, lack-20240919-866b5f5/lack-request.asd
lack-response, ghcr.io/ocicl/lack@sha256:4aac8f468f06a04bc9d165371ce4b80e590dbd7532090ec420042f58489995db, lack-20240919-866b5f5/lack-response.asd
lack-session-store-dbi, ghcr.io/ocicl/lack@sha256:4aac8f468f06a04bc9d165371ce4b80e590dbd7532090ec420042f58489995db, lack-20240919-866b5f5/lack-session-store-dbi.asd
lack-session-store-redis, ghcr.io/ocicl/lack@sha256:4aac8f468f06a04bc9d165371ce4b80e590dbd7532090ec420042f58489995db, lack-20240919-866b5f5/lack-session-store-redis.asd
lack-test, ghcr.io/ocicl/lack@sha256:4aac8f468f06a04bc9d165371ce4b80e590dbd7532090ec420042f58489995db, lack-20240919-866b5f5/lack-test.asd
lack-util, ghcr.io/ocicl/lack@sha256:4aac8f468f06a04bc9d165371ce4b80e590dbd7532090ec420042f58489995db, lack-20240919-866b5f5/lack-util.asd
lack-util-writer-stream, ghcr.io/ocicl/lack@sha256:4aac8f468f06a04bc9d165371ce4b80e590dbd7532090ec420042f58489995db, lack-20240919-866b5f5/lack-util-writer-stream.asd
lambda-reader, ghcr.io/ocicl/lambda-reader@sha256:a0d75b69527d742b01016101816d6cfe3e530e8e33f741558d4eb4bc06bcb925, lambda-reader-20240503-1209d68/lambda-reader.asd
lambda-reader-8bit, ghcr.io/ocicl/lambda-reader@sha256:a0d75b69527d742b01016101816d6cfe3e530e8e33f741558d4eb4bc06bcb925, lambda-reader-20240503-1209d68/lambda-reader-8bit.asd
lisp-namespace, ghcr.io/ocicl/lisp-namespace@sha256:ae08006e0b267958c50160658c729c799c6e1c18d94eef83f2ce5cf6ab8bbd20, lisp-namespace-20240503-699fccb/lisp-namespace.asd
lisp-namespace.test, ghcr.io/ocicl/lisp-namespace@sha256:ae08006e0b267958c50160658c729c799c6e1c18d94eef83f2ce5cf6ab8bbd20, lisp-namespace-20240503-699fccb/lisp-namespace.test.asd
local-time, ghcr.io/ocicl/local-time@sha256:82462960e462321d46563ce9f9bd20dbdb138eae612d86aeaf9e8f00ac51e78a, local-time-20250131-0bc6fb8/local-time.asd
lparallel, ghcr.io/ocicl/lparallel@sha256:4b9e626031904279f7f2b53b3ca52f380642cb5402390e478fe1f535f0829379, lparallel-20240503-9c11f40/lparallel.asd
lparallel-bench, ghcr.io/ocicl/lparallel@sha256:4b9e626031904279f7f2b53b3ca52f380642cb5402390e478fe1f535f0829379, lparallel-20240503-9c11f40/lparallel-bench.asd
lparallel-test, ghcr.io/ocicl/lparallel@sha256:4b9e626031904279f7f2b53b3ca52f380642cb5402390e478fe1f535f0829379, lparallel-20240503-9c11f40/lparallel-test.asd
md5, ghcr.io/ocicl/md5@sha256:7d8a8d7af07a2bcbca05ad839555730a0e021c697bf13cc02279669c7a9b038b, md5-2.0.5/md5.asd
mgl-pax, ghcr.io/ocicl/mgl-pax-bootstrap@sha256:dd3a535d8130ddd7ad639b9bad7ac5e5edfe61b1ae4c39acb9b3ebeb352a9f32, mgl-pax-20250308-835a033/mgl-pax.asd
mgl-pax-bootstrap, ghcr.io/ocicl/mgl-pax-bootstrap@sha256:dd3a535d8130ddd7ad639b9bad7ac5e5edfe61b1ae4c39acb9b3ebeb352a9f32, mgl-pax-20250308-835a033/mgl-pax-bootstrap.asd
mgl-pax-test, ghcr.io/ocicl/mgl-pax-bootstrap@sha256:dd3a535d8130ddd7ad639b9bad7ac5e5edfe61b1ae4c39acb9b3ebeb352a9f32, mgl-pax-20250308-835a033/mgl-pax-test.asd
mgl-pax.asdf, ghcr.io/ocicl/mgl-pax-bootstrap@sha256:dd3a535d8130ddd7ad639b9bad7ac5e5edfe61b1ae4c39acb9b3ebeb352a9f32, mgl-pax-20250308-835a033/mgl-pax.asdf.asd
multilang-documentation-utils, ghcr.io/ocicl/documentation-utils@sha256:b2a1b3f3bcd1a738af85ae2b0168d408c177661eab6d6bbebb254e394d983f54, documentation-utils-20230511-98630dd/multilang-documentation-utils.asd
named-readtables, ghcr.io/ocicl/named-readtables@sha256:df0a850fdea09d3b8529cfa1ceba6a6d8b098ca72f813ab5a3999f34d50a6932, named-readtables-20250313-cce01f9/named-readtables.asd
named-readtables-test, ghcr.io/ocicl/named-readtables@sha256:df0a850fdea09d3b8529cfa1ceba6a6d8b098ca72f813ab5a3999f34d50a6932, named-readtables-20250313-cce01f9/named-readtables-test.asd
net.didierverna.asdf-flv, ghcr.io/ocicl/net.didierverna.asdf-flv@sha256:e5cd087d41cf24302a92d9bac426a925f8868b554be2414c0f012c961e3ddb8c, asdf-flv-20240503-3f1de41/net.didierverna.asdf-flv.asd
parse-float, ghcr.io/ocicl/parse-float@sha256:127149a306dfd407dc5794b3bbfc13456adc1c2ec8c29ac449ee43dfc8fe1d6b, parse-float-20240503-3074765/parse-float.asd
proc-parse, ghcr.io/ocicl/proc-parse@sha256:0880f9acb35eb9efbe1f77a981e36e84e8f29a22b14f680c7686eb381fa87bd6, proc-parse-20240503-3afe2b7/proc-parse.asd
proc-parse-test, ghcr.io/ocicl/proc-parse@sha256:0880f9acb35eb9efbe1f77a981e36e84e8f29a22b14f680c7686eb381fa87bd6, proc-parse-20240503-3afe2b7/proc-parse-test.asd
pythonic-string-reader, ghcr.io/ocicl/pythonic-string-reader@sha256:6f0c22694e7d6b2143d116eec0f568e775343167d35c1ed36d624e485f54b3e3, pythonic-string-reader-20240503-47a70ba/pythonic-string-reader.asd
quri, ghcr.io/ocicl/quri@sha256:e2559f91600e4895e115b42dde88fcaac3677f051335d73431888dcf7af99f95, quri-0.7.0/quri.asd
quri-test, ghcr.io/ocicl/quri@sha256:e2559f91600e4895e115b42dde88fcaac3677f051335d73431888dcf7af99f95, quri-0.7.0/quri-test.asd
rfc2388, ghcr.io/ocicl/rfc2388@sha256:4190f6eb36b3b2f53def6eff56b44e76edf4086ada2feb6d88bb671a40fc9f70, rfc2388-20240503-591bcf7/rfc2388.asd
rpm, ghcr.io/ocicl/rpm@sha256:5ec9a79af5c2ae434ac37f72800656dd6e5c2db7eeabaacd7555c11e6ea92432, rpm-20240503-dc0eec9/rpm.asd
sha1, ghcr.io/ocicl/sha1@sha256:d332af205bf3b5db2bdf8ea6df9f5127627343ce19bc313d00cfa2d80a5fb404, sha1-20240503-be8b1b1/sha1.asd
smart-buffer, ghcr.io/ocicl/smart-buffer@sha256:b8d194f5881c415fd7f0099b88dfd9e2158405c2966de15c716b155a364bf0f7, smart-buffer-20240503-619759d/smart-buffer.asd
smart-buffer-test, ghcr.io/ocicl/smart-buffer@sha256:b8d194f5881c415fd7f0099b88dfd9e2158405c2966de15c716b155a364bf0f7, smart-buffer-20240503-619759d/smart-buffer-test.asd
split-sequence, ghcr.io/ocicl/split-sequence@sha256:3a37662eedd99c42995587b9d443c4631f25c4c523091bcca31a27b880585b8e, split-sequence-2.0.1/split-sequence.asd
sqlite, ghcr.io/ocicl/sqlite@sha256:a7f80757e6ee13af06e2eeaeff1e079dba439d85ea5c7f68e262bccc40dcbd5c, cl-sqlite-0.2.1/sqlite.asd
sqlite-tests, ghcr.io/ocicl/sqlite@sha256:a7f80757e6ee13af06e2eeaeff1e079dba439d85ea5c7f68e262bccc40dcbd5c, cl-sqlite-0.2.1/sqlite-tests.asd
static-vectors, ghcr.io/ocicl/static-vectors@sha256:53e11e5689c3dbea6a3017760b55f052588003d774913539930ddc4330a69970, static-vectors-20240624-3d9d89b/static-vectors.asd
swank, ghcr.io/ocicl/swank@sha256:1768fad21c1870916727a672174634fc0ba40a187f835015ad8677151d43216a, slime-2.31/swank.asd
swap-bytes, ghcr.io/ocicl/swap-bytes@sha256:06edc17deb0f27cdf6290689711ece670a8282dfd07b732a9adc541af1ce7ed6, swap-bytes-20240503-43ab141/swap-bytes.asd
t-clack-handler-hunchentoot, ghcr.io/ocicl/clack@sha256:9457bea28f1ee9c49a7626c2ee23c181b5af3636b5e64a27a46ef8535818947f, clack-20241101-935be5b/t-clack-handler-hunchentoot.asd
t-clack-handler-toot, ghcr.io/ocicl/clack@sha256:9457bea28f1ee9c49a7626c2ee23c181b5af3636b5e64a27a46ef8535818947f, clack-20241101-935be5b/t-clack-handler-toot.asd
t-clack-handler-wookie, ghcr.io/ocicl/clack@sha256:9457bea28f1ee9c49a7626c2ee23c181b5af3636b5e64a27a46ef8535818947f, clack-20241101-935be5b/t-clack-handler-wookie.asd
test-systems, ghcr.io/ocicl/mgl-pax-bootstrap@sha256:dd3a535d8130ddd7ad639b9bad7ac5e5edfe61b1ae4c39acb9b3ebeb352a9f32, mgl-pax-20250308-835a033/test/test-systems.asd
trivia, ghcr.io/ocicl/trivia@sha256:51db74757bc31ceaf3a643914a8ffa87825799097dea4912650e6ac62bed5209, trivia-20240904-4383dd8/trivia.asd
trivia.balland2006, ghcr.io/ocicl/trivia@sha256:51db74757bc31ceaf3a643914a8ffa87825799097dea4912650e6ac62bed5209, trivia-20240904-4383dd8/trivia.balland2006.asd
trivia.benchmark, ghcr.io/ocicl/trivia@sha256:51db74757bc31ceaf3a643914a8ffa87825799097dea4912650e6ac62bed5209, trivia-20240904-4383dd8/trivia.benchmark.asd
trivia.cffi, ghcr.io/ocicl/trivia@sha256:51db74757bc31ceaf3a643914a8ffa87825799097dea4912650e6ac62bed5209, trivia-20240904-4383dd8/trivia.cffi.asd
trivia.fset, ghcr.io/ocicl/trivia@sha256:51db74757bc31ceaf3a643914a8ffa87825799097dea4912650e6ac62bed5209, trivia-20240904-4383dd8/trivia.fset.asd
trivia.level0, ghcr.io/ocicl/trivia@sha256:51db74757bc31ceaf3a643914a8ffa87825799097dea4912650e6ac62bed5209, trivia-20240904-4383dd8/trivia.level0.asd
trivia.level1, ghcr.io/ocicl/trivia@sha256:51db74757bc31ceaf3a643914a8ffa87825799097dea4912650e6ac62bed5209, trivia-20240904-4383dd8/trivia.level1.asd
trivia.level2, ghcr.io/ocicl/trivia@sha256:51db74757bc31ceaf3a643914a8ffa87825799097dea4912650e6ac62bed5209, trivia-20240904-4383dd8/trivia.level2.asd
trivia.ppcre, ghcr.io/ocicl/trivia@sha256:51db74757bc31ceaf3a643914a8ffa87825799097dea4912650e6ac62bed5209, trivia-20240904-4383dd8/trivia.ppcre.asd
trivia.quasiquote, ghcr.io/ocicl/trivia@sha256:51db74757bc31ceaf3a643914a8ffa87825799097dea4912650e6ac62bed5209, trivia-20240904-4383dd8/trivia.quasiquote.asd
trivia.test, ghcr.io/ocicl/trivia@sha256:51db74757bc31ceaf3a643914a8ffa87825799097dea4912650e6ac62bed5209, trivia-20240904-4383dd8/trivia.test.asd
trivia.trivial, ghcr.io/ocicl/trivia@sha256:51db74757bc31ceaf3a643914a8ffa87825799097dea4912650e6ac62bed5209, trivia-20240904-4383dd8/trivia.trivial.asd
trivial-backtrace, ghcr.io/ocicl/trivial-backtrace@sha256:89a3138695bb767c50001402fad60dacfc1e867e4e3d3579cc6f636d3e29a51c, trivial-backtrace-20240503-7f90b4a/trivial-backtrace.asd
trivial-backtrace-test, ghcr.io/ocicl/trivial-backtrace@sha256:89a3138695bb767c50001402fad60dacfc1e867e4e3d3579cc6f636d3e29a51c, trivial-backtrace-20240503-7f90b4a/trivial-backtrace-test.asd
trivial-cltl2, ghcr.io/ocicl/trivial-cltl2@sha256:69470b4f6469314799074b9d944050dc4bcb67d5cbb2ba32c7a8899bb492f04e, trivial-cltl2-20230809-2ada872/trivial-cltl2.asd
trivial-features, ghcr.io/ocicl/trivial-features@sha256:e278e24d39060fc7d3715531b16ddd9ab7f93f22ade53e436c0b86dbae3aa065, trivial-features-1.0/trivial-features.asd
trivial-features-tests, ghcr.io/ocicl/trivial-features@sha256:e278e24d39060fc7d3715531b16ddd9ab7f93f22ade53e436c0b86dbae3aa065, trivial-features-1.0/trivial-features-tests.asd
trivial-garbage, ghcr.io/ocicl/trivial-garbage@sha256:a85dcf4110ad60ae9f6c70970acceb2bf12402ce5326891643d35506059afb1d, trivial-garbage-20240503-3474f64/trivial-garbage.asd
trivial-gray-streams, ghcr.io/ocicl/trivial-gray-streams@sha256:d0cc9fb73876100ee60647524f98b5b22566fa1c3a985d79548b0d2b228f8b51, trivial-gray-streams-20240503-a7ead68/trivial-gray-streams.asd
trivial-gray-streams-test, ghcr.io/ocicl/trivial-gray-streams@sha256:d0cc9fb73876100ee60647524f98b5b22566fa1c3a985d79548b0d2b228f8b51, trivial-gray-streams-20240503-a7ead68/trivial-gray-streams-test.asd
trivial-indent, ghcr.io/ocicl/trivial-indent@sha256:5f091cc5d73652d972dde49f008902167751b94f2e8ea9544301156322ae486a, trivial-indent-20250106-fc7380b/trivial-indent.asd
trivial-mimes, ghcr.io/ocicl/trivial-mimes@sha256:c6a39ce874fffb55993654528a0887dd070a9d349f56d754c5364adb26f53027, trivial-mimes-20250127-01cb46b/trivial-mimes.asd
trivial-rfc-1123, ghcr.io/ocicl/trivial-rfc-1123@sha256:b77a6f744d8a431b3163c2e642e771a57d9fa4760e98db769316792e1b6a0160, trivial-rfc-1123-20240503-9ef59c3/trivial-rfc-1123.asd
trivial-utf-8, ghcr.io/ocicl/trivial-utf-8@sha256:014e7fa0edd7f351c8b38c3247e0cdda438235bb8a086bb0f2bac08f78ef400d, trivial-utf-8-20240503-ba9b4ff/trivial-utf-8.asd
type-i, ghcr.io/ocicl/type-i@sha256:de5c3e7f7b72409c5ec49885eea8c6fe2e02def2846cf97f70c1c21f21a1567c, type-i-20240503-4407a68/type-i.asd
type-i.test, ghcr.io/ocicl/type-i@sha256:de5c3e7f7b72409c5ec49885eea8c6fe2e02def2846cf97f70c1c21f21a1567c, type-i-20240503-4407a68/type-i.test.asd
uffi, ghcr.io/ocicl/cffi-grovel@sha256:d09a2f111ee66ba21e79201564809f5a56ba56d2ce3873a494ec75d3cb6adab9, cffi-20250311-48eaef6/uffi-compat/uffi.asd
usocket, ghcr.io/ocicl/usocket@sha256:015b8cdb91cdc25aefd08054e8ede6a5d054d10bc87916904cf0d0670b3f4a68, usocket-0.8.8/usocket.asd
usocket-server, ghcr.io/ocicl/usocket@sha256:015b8cdb91cdc25aefd08054e8ede6a5d054d10bc87916904cf0d0670b3f4a68, usocket-0.8.8/usocket-server.asd
usocket-test, ghcr.io/ocicl/usocket@sha256:015b8cdb91cdc25aefd08054e8ede6a5d054d10bc87916904cf0d0670b3f4a68, usocket-0.8.8/usocket-test.asd
websocket-driver, ghcr.io/ocicl/websocket-driver@sha256:ed1962c70b1b9fc429c4af80d60c3ff5729d91d3512bd78b74ec3107224f0e9c, websocket-driver-20250314-dda4a16/websocket-driver.asd
websocket-driver-base, ghcr.io/ocicl/websocket-driver@sha256:ed1962c70b1b9fc429c4af80d60c3ff5729d91d3512bd78b74ec3107224f0e9c, websocket-driver-20250314-dda4a16/websocket-driver-base.asd
websocket-driver-client, ghcr.io/ocicl/websocket-driver@sha256:ed1962c70b1b9fc429c4af80d60c3ff5729d91d3512bd78b74ec3107224f0e9c, websocket-driver-20250314-dda4a16/websocket-driver-client.asd
websocket-driver-server, ghcr.io/ocicl/websocket-driver@sha256:ed1962c70b1b9fc429c4af80d60c3ff5729d91d3512bd78b74ec3107224f0e9c, websocket-driver-20250314-dda4a16/websocket-driver-server.asd
xsubseq, ghcr.io/ocicl/xsubseq@sha256:7605d14f7cc7fd2f63190ad81fe7bd65daef105d6728ee6bb59baef49da2aa51, xsubseq-20240503-5ce430b/xsubseq.asd
xsubseq-test, ghcr.io/ocicl/xsubseq@sha256:7605d14f7cc7fd2f63190ad81fe7bd65daef105d6728ee6bb59baef49da2aa51, xsubseq-20240503-5ce430b/xsubseq-test.asd
yason, ghcr.io/ocicl/yason@sha256:d4857f9cbdd68a5d1332c7f8a4a2374b1ae0dc567d4b8f90795ff38fd490876b, yason-20250323-0c84b29/yason.asd
yason-tests, ghcr.io/ocicl/yason@sha256:d4857f9cbdd68a5d1332c7f8a4a2374b1ae0dc567d4b8f90795ff38fd490876b, yason-20250323-0c84b29/yason-tests.asd
